Chord progression , Tonality, Variable selection strategy, Value selection strategy, Optimal solution found, Time to prove optimality, ,       Best solution Statistics, Nodes traversed, Failed nodes explored, Restarts performed, Propagators executed, No       goods generated, Maximal depth of explored tree, number of incomplete chords, number of 4 notes diminished chords,      number of chords with less than 4 notes, number of fundamental chords without doubled bass, cost of melodic intervals,       number of common notes in the same voice,,       Total search statistics, Nodes traversed, Failed nodes explored, Restarts performed, Propagators executed, No       goods generated, Maximal depth of explored tree, , Intermediate solutions ,time, number of 4 note diminished chords,      number of chords with 3 notes, number of fundamental state chords without doubled bass, number of incomplete chords,       number of common notes in the soprano, number of common notes in the same voice, cost of melodic intervals, ,
I5-V5-I5-V65-I6-II6-V64-V7+-I5 , Ab Major , Left to right ,Value random,1,0.488427,,,3084,1345,29,5230703,386,37,2, 0, 0, 1, 45, -4,,,3351,1479,30,5819689,399,37,,,0.020383 , 3, 0, 1, 1, 124, -2,,0.027870 , 3, 0, 1, 1, 109, -2,,0.064854 , 2, 0, 2, 1, 139, -3,,0.075690 , 2, 0, 2, 1, 91, -3,,0.081392 , 2, 0, 1, 1, 122, -3,,0.106829 , 2, 0, 1, 1, 110, -3,,0.114125 , 2, 0, 0, 1, 122, -2,,0.141564 , 2, 0, 0, 1, 104, -2,,0.150069 , 2, 0, 0, 1, 79, -2,,0.167315 , 2, 0, 0, 1, 73, -3,,0.180669 , 2, 0, 0, 1, 70, -3,,0.195298 , 2, 0, 0, 1, 66, -4,,0.236282 , 2, 0, 0, 1, 65, -3,,0.240965 , 2, 0, 0, 1, 62, -3,,0.280081 , 2, 0, 0, 1, 62, -4,,0.287075 , 2, 0, 0, 1, 61, -3,,0.320282 , 2, 0, 0, 1, 61, -4,,0.338849 , 2, 0, 0, 1, 60, -4,,0.350617 , 2, 0, 0, 1, 59, -3,,0.378391 , 2, 0, 0, 1, 58, -3,,0.404956 , 2, 0, 0, 1, 55, -4,,0.411376 , 2, 0, 0, 1, 53, -4,,0.422444 , 2, 0, 0, 1, 50, -4,,0.443238 , 2, 0, 0, 1, 48, -4,,0.458448 , 2, 0, 0, 1, 45, -4,,
I5-V5-I5-V65-I6-II6-V64-V7+-I5 , Csharp Minor , Left to right ,Value random,1,0.507669,,,2722,1219,23,4103723,256,36,2, 0, 0, 1, 45, -4,,,4325,2015,26,6764888,290,36,,,0.030620 , 4, 0, 1, 1, 118, -2,,0.042593 , 3, 0, 3, 1, 133, 0,,0.061431 , 3, 0, 1, 1, 114, -1,,0.066148 , 2, 0, 3, 1, 91, -2,,0.071333 , 2, 0, 0, 1, 118, -2,,0.083608 , 2, 0, 0, 1, 117, -3,,0.095983 , 2, 0, 0, 1, 82, -2,,0.104949 , 2, 0, 0, 1, 77, -4,,0.113476 , 2, 0, 0, 1, 73, -2,,0.125302 , 2, 0, 0, 1, 64, -3,,0.178043 , 2, 0, 0, 1, 63, -3,,0.217196 , 2, 0, 0, 1, 62, -4,,0.242682 , 2, 0, 0, 1, 58, -3,,0.245297 , 2, 0, 0, 1, 48, -3,,0.354491 , 2, 0, 0, 1, 45, -4,,
I5-IV5-VII6-I6-III5-VI5-II6-V7+-I5 , Bb Minor , Left to right ,Value random,1,0.523494,,,3016,1376,22,5076418,291,34,1, 0, 0, 0, 60, -7,,,4022,1875,25,7107761,320,34,,,0.007437 , 1, 0, 0, 0, 100, -4,,0.040694 , 1, 0, 0, 0, 97, -4,,0.118612 , 1, 0, 0, 0, 96, -5,,0.127960 , 1, 0, 0, 0, 93, -5,,0.135003 , 1, 0, 0, 0, 90, -5,,0.157998 , 1, 0, 0, 0, 88, -6,,0.174148 , 1, 0, 0, 0, 86, -5,,0.191955 , 1, 0, 0, 0, 81, -5,,0.200007 , 1, 0, 0, 0, 79, -5,,0.220349 , 1, 0, 0, 0, 79, -6,,0.240347 , 1, 0, 0, 0, 76, -6,,0.250013 , 1, 0, 0, 0, 70, -7,,0.309544 , 1, 0, 0, 0, 67, -6,,0.339606 , 1, 0, 0, 0, 65, -7,,0.381620 , 1, 0, 0, 0, 63, -6,,0.391231 , 1, 0, 0, 0, 60, -7,,
I5-IV5-VII6-I6-III5-VI5-II6-V7+-I5 , C Major , Left to right ,Value random,1,0.557886,,,3172,1397,28,5872824,299,32,1, 0, 0, 0, 58, -7,,,3979,1801,29,7644635,313,32,,,0.030031 , 1, 0, 2, 1, 157, -4,,0.038500 , 1, 0, 1, 1, 136, -4,,0.043656 , 1, 0, 0, 2, 111, -3,,0.050323 , 1, 0, 0, 1, 183, -3,,0.054470 , 1, 0, 0, 0, 177, -2,,0.060743 , 1, 0, 0, 0, 118, -3,,0.077305 , 1, 0, 0, 0, 110, -5,,0.083409 , 1, 0, 0, 0, 106, -5,,0.095465 , 1, 0, 0, 0, 94, -4,,0.118641 , 1, 0, 0, 0, 89, -4,,0.123680 , 1, 0, 0, 0, 81, -5,,0.170921 , 1, 0, 0, 0, 80, -7,,0.180318 , 1, 0, 0, 0, 79, -5,,0.265854 , 1, 0, 0, 0, 78, -4,,0.270896 , 1, 0, 0, 0, 75, -6,,0.282300 , 1, 0, 0, 0, 71, -6,,0.291847 , 1, 0, 0, 0, 66, -6,,0.325672 , 1, 0, 0, 0, 64, -6,,0.424147 , 1, 0, 0, 0, 63, -7,,0.461644 , 1, 0, 0, 0, 58, -7,,
I5-IV5-VII6-I6-III5-VI5-II6-V7+-I5 , C Minor , Left to right ,Value random,1,0.582059,,,3694,1647,32,6688812,347,37,1, 0, 0, 0, 60, -7,,,4471,2036,33,8257887,359,37,,,0.029765 , 1, 0, 3, 2, 91, -5,,0.042574 , 1, 0, 1, 1, 102, -5,,0.067684 , 1, 0, 1, 0, 108, -5,,0.078527 , 1, 0, 0, 1, 138, -2,,0.083483 , 1, 0, 0, 1, 136, -5,,0.087514 , 1, 0, 0, 1, 129, -4,,0.090087 , 1, 0, 0, 0, 160, -2,,0.095009 , 1, 0, 0, 0, 158, -4,,0.098788 , 1, 0, 0, 0, 155, -3,,0.100669 , 1, 0, 0, 0, 120, -3,,0.105543 , 1, 0, 0, 0, 115, -3,,0.111697 , 1, 0, 0, 0, 113, -5,,0.165685 , 1, 0, 0, 0, 93, -4,,0.189868 , 1, 0, 0, 0, 90, -6,,0.195837 , 1, 0, 0, 0, 87, -5,,0.203996 , 1, 0, 0, 0, 85, -6,,0.210464 , 1, 0, 0, 0, 79, -5,,0.214359 , 1, 0, 0, 0, 78, -4,,0.221365 , 1, 0, 0, 0, 77, -6,,0.268205 , 1, 0, 0, 0, 71, -5,,0.287420 , 1, 0, 0, 0, 68, -6,,0.329774 , 1, 0, 0, 0, 65, -7,,0.377455 , 1, 0, 0, 0, 63, -7,,0.492168 , 1, 0, 0, 0, 60, -7,,
I5-V5-I5-V65-I6-II6-V64-V7+-I5 , E Major , Left to right ,Value random,1,0.679080,,,4961,2252,32,7874963,428,41,2, 0, 0, 1, 45, -4,,,5280,2412,33,8465396,450,41,,,0.027809 , 3, 0, 2, 1, 115, -2,,0.066003 , 3, 0, 2, 1, 107, -4,,0.071784 , 3, 0, 2, 1, 102, -1,,0.093768 , 2, 0, 3, 1, 93, -3,,0.117065 , 2, 0, 2, 1, 119, -3,,0.128448 , 2, 0, 2, 1, 62, -2,,0.137971 , 2, 0, 1, 1, 112, -2,,0.162897 , 2, 0, 1, 1, 111, -2,,0.186790 , 2, 0, 1, 1, 101, -2,,0.195997 , 2, 0, 1, 1, 75, -4,,0.275961 , 2, 0, 1, 1, 74, -2,,0.289058 , 2, 0, 1, 1, 67, -2,,0.299976 , 2, 0, 0, 1, 114, -2,,0.305029 , 2, 0, 0, 1, 86, -3,,0.320123 , 2, 0, 0, 1, 70, -3,,0.348367 , 2, 0, 0, 1, 67, -3,,0.364867 , 2, 0, 0, 1, 61, -3,,0.379204 , 2, 0, 0, 1, 60, -4,,0.404740 , 2, 0, 0, 1, 57, -4,,0.424630 , 2, 0, 0, 1, 55, -4,,0.447996 , 2, 0, 0, 1, 52, -4,,0.508803 , 2, 0, 0, 1, 50, -4,,0.630321 , 2, 0, 0, 1, 48, -4,,0.643296 , 2, 0, 0, 1, 45, -4,,
I5-IV5-VII6-I6-III5-VI5-II6-V7+-I5 , Ab Major , Left to right ,Value random,1,0.680662,,,3612,1565,33,6322864,347,38,1, 0, 0, 0, 58, -7,,,5393,2448,36,10146938,379,38,,,0.055398 , 1, 0, 1, 1, 164, -1,,0.066391 , 1, 0, 1, 1, 145, -2,,0.071477 , 1, 0, 1, 1, 142, -3,,0.075047 , 1, 0, 1, 0, 156, -2,,0.080043 , 1, 0, 0, 1, 129, -3,,0.088515 , 1, 0, 0, 0, 189, -2,,0.090731 , 1, 0, 0, 0, 133, -4,,0.095477 , 1, 0, 0, 0, 116, -5,,0.133709 , 1, 0, 0, 0, 104, -6,,0.142073 , 1, 0, 0, 0, 100, -4,,0.149111 , 1, 0, 0, 0, 97, -5,,0.184672 , 1, 0, 0, 0, 95, -4,,0.191459 , 1, 0, 0, 0, 94, -5,,0.194740 , 1, 0, 0, 0, 89, -5,,0.198834 , 1, 0, 0, 0, 85, -5,,0.204804 , 1, 0, 0, 0, 84, -4,,0.214229 , 1, 0, 0, 0, 84, -5,,0.243988 , 1, 0, 0, 0, 83, -6,,0.270437 , 1, 0, 0, 0, 78, -5,,0.292347 , 1, 0, 0, 0, 77, -5,,0.318910 , 1, 0, 0, 0, 75, -6,,0.375543 , 1, 0, 0, 0, 74, -5,,0.386379 , 1, 0, 0, 0, 72, -6,,0.392681 , 1, 0, 0, 0, 71, -6,,0.424322 , 1, 0, 0, 0, 68, -6,,0.441649 , 1, 0, 0, 0, 64, -6,,0.465550 , 1, 0, 0, 0, 58, -7,,
I5-V5-I5-V65-I6-II6-V64-V7+-I5 , C Minor , Left to right ,Value random,1,0.734178,,,5468,2581,25,8821820,283,38,2, 0, 0, 1, 45, -4,,,6687,3191,26,11065248,289,38,,,0.032398 , 3, 0, 3, 1, 132, -2,,0.079798 , 2, 0, 1, 1, 91, -2,,0.092088 , 2, 0, 0, 1, 111, -1,,0.128278 , 2, 0, 0, 1, 96, -2,,0.157610 , 2, 0, 0, 1, 83, -1,,0.164122 , 2, 0, 0, 1, 81, -3,,0.193283 , 2, 0, 0, 1, 75, -3,,0.204831 , 2, 0, 0, 1, 73, -3,,0.210714 , 2, 0, 0, 1, 66, -4,,0.233129 , 2, 0, 0, 1, 56, -3,,0.345519 , 2, 0, 0, 1, 53, -3,,0.488239 , 2, 0, 0, 1, 53, -4,,0.531628 , 2, 0, 0, 1, 51, -3,,0.591384 , 2, 0, 0, 1, 48, -4,,0.613948 , 2, 0, 0, 1, 45, -4,,
I5-V5-I5-V65-I6-II6-V64-V7+-I5 , C Major , Left to right ,Value random,1,0.933400,,,7427,3433,45,12418559,496,35,2, 0, 0, 1, 50, -4,,,8148,3794,46,13660390,512,35,,,0.035509 , 3, 0, 3, 1, 135, -2,,0.039073 , 3, 0, 2, 1, 139, -1,,0.059854 , 3, 0, 2, 1, 138, -1,,0.071294 , 3, 0, 2, 1, 90, -1,,0.077432 , 3, 0, 1, 1, 99, -2,,0.099451 , 3, 0, 0, 1, 101, -1,,0.103738 , 2, 0, 2, 1, 142, -2,,0.124170 , 2, 0, 2, 1, 131, -2,,0.129040 , 2, 0, 2, 1, 115, -2,,0.139491 , 2, 0, 2, 1, 101, -2,,0.144150 , 2, 0, 2, 1, 92, -3,,0.151337 , 2, 0, 1, 1, 137, -2,,0.168593 , 2, 0, 1, 1, 130, -2,,0.180255 , 2, 0, 1, 1, 102, -2,,0.188794 , 2, 0, 0, 1, 107, -1,,0.195632 , 2, 0, 0, 1, 104, -2,,0.204033 , 2, 0, 0, 1, 100, -3,,0.213466 , 2, 0, 0, 1, 100, -4,,0.231652 , 2, 0, 0, 1, 99, -1,,0.237616 , 2, 0, 0, 1, 96, -2,,0.244435 , 2, 0, 0, 1, 94, -3,,0.265958 , 2, 0, 0, 1, 93, -4,,0.271267 , 2, 0, 0, 1, 89, -1,,0.275610 , 2, 0, 0, 1, 89, -3,,0.279454 , 2, 0, 0, 1, 83, -3,,0.290590 , 2, 0, 0, 1, 77, -4,,0.295525 , 2, 0, 0, 1, 73, -1,,0.320465 , 2, 0, 0, 1, 73, -3,,0.340514 , 2, 0, 0, 1, 63, -3,,0.385055 , 2, 0, 0, 1, 62, -4,,0.492508 , 2, 0, 0, 1, 61, -4,,0.542835 , 2, 0, 0, 1, 60, -4,,0.579653 , 2, 0, 0, 1, 57, -4,,0.719333 , 2, 0, 0, 1, 55, -4,,0.850455 , 2, 0, 0, 1, 50, -4,,
I5-V5-I5-V65-I6-II6-V64-V7+-I5 , Bb Minor , Left to right ,Value random,1,0.989576,,,6248,2913,33,10049724,421,40,2, 0, 0, 1, 45, -4,,,8337,3958,34,13816080,433,40,,,0.107556 , 3, 0, 2, 1, 127, -1,,0.125392 , 3, 0, 1, 1, 88, -2,,0.136091 , 2, 0, 2, 1, 80, -2,,0.146429 , 2, 0, 2, 1, 73, -3,,0.155918 , 2, 0, 1, 1, 83, -2,,0.169120 , 2, 0, 1, 1, 83, -3,,0.183676 , 2, 0, 1, 1, 66, -3,,0.227190 , 2, 0, 1, 1, 62, -4,,0.248838 , 2, 0, 0, 1, 111, -3,,0.256428 , 2, 0, 0, 1, 95, -2,,0.267041 , 2, 0, 0, 1, 91, -3,,0.273756 , 2, 0, 0, 1, 81, -2,,0.285315 , 2, 0, 0, 1, 79, -3,,0.298924 , 2, 0, 0, 1, 78, -4,,0.309344 , 2, 0, 0, 1, 76, -3,,0.314610 , 2, 0, 0, 1, 60, -3,,0.334239 , 2, 0, 0, 1, 59, -2,,0.375604 , 2, 0, 0, 1, 58, -4,,0.470846 , 2, 0, 0, 1, 57, -4,,0.482398 , 2, 0, 0, 1, 56, -3,,0.603582 , 2, 0, 0, 1, 55, -4,,0.729112 , 2, 0, 0, 1, 53, -4,,0.745875 , 2, 0, 0, 1, 45, -4,,
I5-IV5-VII6-I6-III5-VI5-II6-V7+-I5 , Csharp Minor , Left to right ,Value random,1,0.480113,,,2403,1080,21,4532066,211,32,1, 0, 0, 0, 60, -7,,,3025,1391,23,5945579,226,32,,,0.005681 , 1, 0, 0, 1, 97, -5,,0.046672 , 1, 0, 0, 0, 179, -3,,0.055167 , 1, 0, 0, 0, 128, -4,,0.062523 , 1, 0, 0, 0, 122, -5,,0.067178 , 1, 0, 0, 0, 117, -3,,0.073010 , 1, 0, 0, 0, 109, -5,,0.078435 , 1, 0, 0, 0, 74, -4,,0.088654 , 1, 0, 0, 0, 74, -5,,0.094844 , 1, 0, 0, 0, 70, -6,,0.132822 , 1, 0, 0, 0, 68, -6,,0.139491 , 1, 0, 0, 0, 66, -6,,0.155909 , 1, 0, 0, 0, 65, -7,,0.311396 , 1, 0, 0, 0, 63, -6,,0.336025 , 1, 0, 0, 0, 63, -7,,0.370738 , 1, 0, 0, 0, 60, -7,,
I5-IV5-VII6-I6-III5-VI5-II6-V7+-I5 , E Major , Left to right ,Value random,1,1.106552,,,5765,2659,32,11219116,351,36,1, 0, 0, 0, 58, -7,,,7219,3384,34,14245018,379,36,,,0.008725 , 1, 0, 4, 1, 155, -2,,0.014561 , 1, 0, 0, 0, 134, -2,,0.038742 , 1, 0, 0, 0, 134, -3,,0.045466 , 1, 0, 0, 0, 126, -4,,0.051434 , 1, 0, 0, 0, 112, -3,,0.058794 , 1, 0, 0, 0, 107, -4,,0.062114 , 1, 0, 0, 0, 103, -4,,0.067235 , 1, 0, 0, 0, 100, -4,,0.090875 , 1, 0, 0, 0, 100, -5,,0.113003 , 1, 0, 0, 0, 99, -5,,0.116687 , 1, 0, 0, 0, 92, -5,,0.123465 , 1, 0, 0, 0, 85, -4,,0.130332 , 1, 0, 0, 0, 79, -5,,0.245796 , 1, 0, 0, 0, 79, -6,,0.303449 , 1, 0, 0, 0, 76, -5,,0.315561 , 1, 0, 0, 0, 76, -6,,0.334877 , 1, 0, 0, 0, 74, -7,,0.407383 , 1, 0, 0, 0, 72, -5,,0.458608 , 1, 0, 0, 0, 71, -5,,0.469145 , 1, 0, 0, 0, 68, -6,,0.525688 , 1, 0, 0, 0, 66, -6,,0.556808 , 1, 0, 0, 0, 62, -7,,0.902542 , 1, 0, 0, 0, 58, -7,,
I5-V5-VI5-I5-III5-VI5-II5-I5-V5 , Bb Minor , Left to right ,Value random,1,10.068408,,,79352,39382,44,105388128,516,40,0, 0, 1, 1, 57, -8,,,90385,44899,45,119232878,539,40,,,0.004187 , 2, 1, 4, 1, 227, -2,,0.006783 , 1, 1, 1, 1, 266, -2,,0.009457 , 0, 1, 2, 2, 217, -2,,0.013944 , 0, 0, 1, 4, 186, -3,,0.026884 , 0, 0, 1, 3, 135, -1,,0.036453 , 0, 0, 1, 3, 127, -3,,0.041914 , 0, 0, 1, 3, 123, -5,,0.047844 , 0, 0, 1, 2, 126, -2,,0.055528 , 0, 0, 1, 2, 126, -7,,0.058950 , 0, 0, 1, 1, 126, -3,,0.099268 , 0, 0, 1, 1, 120, -3,,0.104907 , 0, 0, 1, 1, 116, -5,,0.125003 , 0, 0, 1, 1, 107, -4,,0.130218 , 0, 0, 1, 1, 107, -5,,0.387591 , 0, 0, 1, 1, 96, -8,,0.491322 , 0, 0, 1, 1, 92, -7,,0.623542 , 0, 0, 1, 1, 88, -6,,2.216431 , 0, 0, 1, 1, 86, -7,,2.687399 , 0, 0, 1, 1, 82, -5,,3.603255 , 0, 0, 1, 1, 81, -5,,4.410023 , 0, 0, 1, 1, 79, -7,,4.502746 , 0, 0, 1, 1, 76, -6,,4.691176 , 0, 0, 1, 1, 70, -8,,5.062114 , 0, 0, 1, 1, 67, -7,,5.225864 , 0, 0, 1, 1, 65, -7,,6.477801 , 0, 0, 1, 1, 62, -7,,7.304735 , 0, 0, 1, 1, 62, -8,,8.930059 , 0, 0, 1, 1, 57, -8,,
I5-V6-VI5-V5-IV5-I6-II5-V5-I5-V6-VI5-V5-IV5-V7+-I5 , Ab Major , Left to right ,Value random,1,12.125230,,,13365,6150,51,67627374,802,50,1, 0, 0, 0, 92, -5,,,23683,11293,56,124753699,860,50,,,0.084572 , 2, 0, 5, 4, 240, -3,,0.109290 , 2, 0, 5, 2, 213, -4,,0.154738 , 2, 0, 2, 0, 258, -4,,0.192705 , 2, 0, 2, 0, 227, -5,,0.253616 , 1, 0, 6, 3, 343, -3,,0.288609 , 1, 0, 5, 1, 215, -4,,0.328187 , 1, 0, 1, 1, 216, -2,,0.366276 , 1, 0, 1, 0, 250, -2,,0.416718 , 1, 0, 1, 0, 248, -5,,0.430395 , 1, 0, 1, 0, 230, -5,,0.451202 , 1, 0, 0, 1, 199, -4,,0.470607 , 1, 0, 0, 1, 194, -4,,0.512619 , 1, 0, 0, 0, 269, -3,,0.553977 , 1, 0, 0, 0, 268, -3,,0.583322 , 1, 0, 0, 0, 258, -3,,0.611244 , 1, 0, 0, 0, 212, -3,,0.632508 , 1, 0, 0, 0, 208, -4,,0.662437 , 1, 0, 0, 0, 194, -5,,0.708087 , 1, 0, 0, 0, 190, -4,,0.735478 , 1, 0, 0, 0, 181, -3,,0.880429 , 1, 0, 0, 0, 176, -3,,0.914397 , 1, 0, 0, 0, 176, -4,,0.969682 , 1, 0, 0, 0, 171, -4,,1.034972 , 1, 0, 0, 0, 170, -5,,1.076984 , 1, 0, 0, 0, 164, -5,,1.120885 , 1, 0, 0, 0, 157, -5,,1.152930 , 1, 0, 0, 0, 149, -4,,1.321999 , 1, 0, 0, 0, 148, -4,,1.393080 , 1, 0, 0, 0, 147, -4,,1.649713 , 1, 0, 0, 0, 144, -5,,1.716399 , 1, 0, 0, 0, 137, -4,,1.754892 , 1, 0, 0, 0, 136, -5,,1.883822 , 1, 0, 0, 0, 130, -5,,2.012001 , 1, 0, 0, 0, 121, -4,,2.183360 , 1, 0, 0, 0, 121, -5,,3.174362 , 1, 0, 0, 0, 118, -4,,3.330954 , 1, 0, 0, 0, 114, -4,,3.946666 , 1, 0, 0, 0, 111, -5,,4.067397 , 1, 0, 0, 0, 107, -5,,4.380504 , 1, 0, 0, 0, 104, -5,,4.723142 , 1, 0, 0, 0, 97, -5,,5.543989 , 1, 0, 0, 0, 94, -5,,6.516060 , 1, 0, 0, 0, 92, -5,,
I5-V6-VI5-V5-IV5-I6-II5-V5-I5-V6-VI5-V5-IV5-V7+-I5 , C Major , Left to right ,Value random,1,14.342020,,,18958,9148,37,88644020,556,47,1, 0, 0, 0, 97, -5,,,28667,13998,40,139320051,605,48,,,0.021487 , 3, 0, 2, 2, 233, -4,,0.135404 , 2, 0, 7, 3, 312, -2,,0.162865 , 2, 0, 6, 3, 206, -4,,0.183727 , 1, 0, 3, 1, 192, -3,,0.234627 , 1, 0, 0, 2, 310, -3,,0.274858 , 1, 0, 0, 0, 285, -3,,0.316463 , 1, 0, 0, 0, 284, -3,,0.386792 , 1, 0, 0, 0, 215, -4,,0.453875 , 1, 0, 0, 0, 209, -4,,0.565415 , 1, 0, 0, 0, 206, -5,,0.707321 , 1, 0, 0, 0, 196, -4,,0.743283 , 1, 0, 0, 0, 169, -4,,0.800787 , 1, 0, 0, 0, 166, -4,,1.095538 , 1, 0, 0, 0, 159, -4,,1.418277 , 1, 0, 0, 0, 157, -5,,1.486819 , 1, 0, 0, 0, 151, -5,,1.844885 , 1, 0, 0, 0, 141, -5,,2.155364 , 1, 0, 0, 0, 140, -4,,2.364564 , 1, 0, 0, 0, 132, -5,,3.735947 , 1, 0, 0, 0, 124, -5,,5.441406 , 1, 0, 0, 0, 121, -5,,5.505974 , 1, 0, 0, 0, 111, -5,,5.895277 , 1, 0, 0, 0, 110, -4,,8.633822 , 1, 0, 0, 0, 104, -5,,9.465235 , 1, 0, 0, 0, 97, -5,,
I5-V6-VI5-V5-IV5-I6-II5-V5-I5-V6-VI5-V5-IV5-V7+-I5 , E Major , Left to right ,Value random,1,17.372042,,,20100,9533,55,87782121,754,47,1, 0, 0, 0, 92, -5,,,36724,17827,60,163989806,822,47,,,0.017148 , 2, 0, 4, 2, 241, -4,,0.055780 , 2, 0, 3, 3, 247, -4,,0.086544 , 2, 0, 0, 2, 229, -2,,0.097830 , 1, 0, 2, 2, 292, -4,,0.117995 , 1, 0, 1, 2, 249, -4,,0.160736 , 1, 0, 0, 1, 231, -4,,0.188605 , 1, 0, 0, 1, 195, -3,,0.242729 , 1, 0, 0, 1, 193, -5,,0.281616 , 1, 0, 0, 1, 185, -4,,0.300525 , 1, 0, 0, 1, 176, -4,,0.325983 , 1, 0, 0, 1, 171, -4,,0.373396 , 1, 0, 0, 0, 229, -4,,0.417193 , 1, 0, 0, 0, 210, -2,,0.555130 , 1, 0, 0, 0, 200, -4,,0.630869 , 1, 0, 0, 0, 199, -4,,0.651786 , 1, 0, 0, 0, 185, -3,,0.700458 , 1, 0, 0, 0, 183, -5,,0.722221 , 1, 0, 0, 0, 178, -4,,0.828556 , 1, 0, 0, 0, 177, -4,,0.917962 , 1, 0, 0, 0, 173, -4,,0.973136 , 1, 0, 0, 0, 171, -5,,1.036772 , 1, 0, 0, 0, 165, -4,,1.111730 , 1, 0, 0, 0, 162, -4,,1.273673 , 1, 0, 0, 0, 161, -5,,1.496971 , 1, 0, 0, 0, 160, -5,,1.652223 , 1, 0, 0, 0, 159, -5,,1.953257 , 1, 0, 0, 0, 156, -5,,2.040777 , 1, 0, 0, 0, 147, -5,,2.686395 , 1, 0, 0, 0, 146, -5,,2.719013 , 1, 0, 0, 0, 141, -4,,3.370482 , 1, 0, 0, 0, 140, -5,,3.393616 , 1, 0, 0, 0, 129, -3,,3.758036 , 1, 0, 0, 0, 127, -4,,4.216340 , 1, 0, 0, 0, 125, -5,,4.791029 , 1, 0, 0, 0, 121, -5,,4.977865 , 1, 0, 0, 0, 120, -5,,5.045102 , 1, 0, 0, 0, 118, -4,,5.201284 , 1, 0, 0, 0, 117, -5,,5.266960 , 1, 0, 0, 0, 114, -5,,5.877602 , 1, 0, 0, 0, 108, -5,,6.190874 , 1, 0, 0, 0, 107, -5,,7.751323 , 1, 0, 0, 0, 104, -5,,8.138835 , 1, 0, 0, 0, 102, -5,,9.041722 , 1, 0, 0, 0, 95, -5,,9.678661 , 1, 0, 0, 0, 92, -5,,
I5-V5-VI5-I5-III5-VI5-II5-I5-V5 , C Minor , Left to right ,Value random,1,18.051631,,,164782,82149,39,215783539,402,38,0, 0, 1, 1, 62, -8,,,170457,84987,40,222363418,411,38,,,0.002102 , 0, 1, 2, 2, 194, -3,,0.004527 , 0, 1, 1, 1, 242, -2,,0.011559 , 0, 1, 0, 2, 200, -2,,0.018138 , 0, 1, 0, 2, 142, -5,,0.021297 , 0, 0, 1, 2, 176, -3,,0.025335 , 0, 0, 1, 2, 167, -3,,0.027442 , 0, 0, 1, 1, 206, -2,,0.158704 , 0, 0, 1, 1, 94, -6,,3.071808 , 0, 0, 1, 1, 92, -5,,3.205488 , 0, 0, 1, 1, 87, -7,,3.246950 , 0, 0, 1, 1, 83, -5,,3.765421 , 0, 0, 1, 1, 83, -6,,6.036979 , 0, 0, 1, 1, 81, -5,,6.052046 , 0, 0, 1, 1, 80, -6,,7.595752 , 0, 0, 1, 1, 80, -7,,10.429315 , 0, 0, 1, 1, 78, -7,,10.978132 , 0, 0, 1, 1, 77, -4,,10.986705 , 0, 0, 1, 1, 72, -6,,13.957051 , 0, 0, 1, 1, 67, -8,,16.737420 , 0, 0, 1, 1, 65, -7,,17.500198 , 0, 0, 1, 1, 62, -8,,
I5-V5-VI5-I5-III5-VI5-II5-I5-V5 , Csharp Minor , Left to right ,Value random,1,19.295852,,,179807,89603,49,233702528,507,39,0, 0, 1, 1, 62, -8,,,187968,93684,50,243985729,520,39,,,0.021621 , 3, 1, 5, 2, 209, -1,,0.031812 , 0, 0, 1, 3, 182, -2,,0.045463 , 0, 0, 1, 1, 224, -2,,0.119517 , 0, 0, 1, 1, 158, -3,,0.205665 , 0, 0, 1, 1, 156, -5,,0.548174 , 0, 0, 1, 1, 153, -4,,0.982289 , 0, 0, 1, 1, 151, -7,,1.510318 , 0, 0, 1, 1, 130, -3,,1.583682 , 0, 0, 1, 1, 125, -3,,1.851259 , 0, 0, 1, 1, 120, -6,,1.863899 , 0, 0, 1, 1, 115, -5,,1.871576 , 0, 0, 1, 1, 108, -5,,1.956554 , 0, 0, 1, 1, 105, -6,,2.194551 , 0, 0, 1, 1, 104, -8,,2.528396 , 0, 0, 1, 1, 102, -7,,2.653148 , 0, 0, 1, 1, 99, -6,,4.260995 , 0, 0, 1, 1, 98, -6,,5.909837 , 0, 0, 1, 1, 94, -5,,5.956641 , 0, 0, 1, 1, 90, -5,,7.080598 , 0, 0, 1, 1, 89, -6,,7.147571 , 0, 0, 1, 1, 86, -7,,7.471544 , 0, 0, 1, 1, 85, -6,,7.623438 , 0, 0, 1, 1, 80, -7,,7.794382 , 0, 0, 1, 1, 79, -5,,12.941533 , 0, 0, 1, 1, 75, -6,,13.627588 , 0, 0, 1, 1, 72, -7,,14.455711 , 0, 0, 1, 1, 70, -6,,15.343202 , 0, 0, 1, 1, 67, -7,,17.811394 , 0, 0, 1, 1, 67, -8,,18.235401 , 0, 0, 1, 1, 65, -7,,18.283042 , 0, 0, 1, 1, 62, -8,,
I5-V5-VI5-I5-III5-VI5-II5-I5-V5 , Ab Major , Left to right ,Value random,1,55.718588,,,379158,189178,59,455255196,685,44,0, 0, 0, 1, 57, -8,,,542189,270686,62,643138338,749,45,,,0.004070 , 0, 0, 2, 1, 190, -2,,0.007053 , 0, 0, 2, 1, 182, -2,,0.010018 , 0, 0, 1, 4, 119, -4,,0.013657 , 0, 0, 1, 2, 186, -4,,0.017571 , 0, 0, 1, 1, 213, -4,,0.020316 , 0, 0, 1, 1, 161, -2,,0.024689 , 0, 0, 0, 2, 147, -4,,0.043876 , 0, 0, 0, 1, 219, -1,,0.078682 , 0, 0, 0, 1, 151, -1,,0.090984 , 0, 0, 0, 1, 151, -4,,0.119596 , 0, 0, 0, 1, 147, -3,,0.135141 , 0, 0, 0, 1, 116, -3,,0.192645 , 0, 0, 0, 1, 112, -6,,0.303878 , 0, 0, 0, 1, 110, -6,,0.410356 , 0, 0, 0, 1, 98, -6,,0.481880 , 0, 0, 0, 1, 97, -7,,0.508631 , 0, 0, 0, 1, 96, -4,,1.592237 , 0, 0, 0, 1, 93, -4,,1.855229 , 0, 0, 0, 1, 92, -5,,2.061908 , 0, 0, 0, 1, 92, -6,,2.325610 , 0, 0, 0, 1, 91, -5,,2.733501 , 0, 0, 0, 1, 89, -6,,3.718602 , 0, 0, 0, 1, 83, -6,,4.462708 , 0, 0, 0, 1, 81, -6,,4.725484 , 0, 0, 0, 1, 79, -6,,5.116531 , 0, 0, 0, 1, 79, -7,,5.197111 , 0, 0, 0, 1, 76, -8,,5.231575 , 0, 0, 0, 1, 71, -7,,9.190732 , 0, 0, 0, 1, 71, -8,,9.321694 , 0, 0, 0, 1, 70, -6,,9.813827 , 0, 0, 0, 1, 70, -7,,10.679535 , 0, 0, 0, 1, 67, -6,,13.462646 , 0, 0, 0, 1, 67, -7,,14.117407 , 0, 0, 0, 1, 66, -8,,17.932038 , 0, 0, 0, 1, 65, -7,,27.064071 , 0, 0, 0, 1, 62, -8,,37.660096 , 0, 0, 0, 1, 57, -8,,
I5-V5-VI5-I5-III5-VI5-II5-I5-V5 , E Major , Left to right ,Value random,1,46.678148,,,46624,23104,32,51698783,344,37,0, 0, 0, 1, 57, -8,,,465631,232579,41,505805788,464,43,,,0.004303 , 0, 0, 0, 1, 166, -2,,0.087816 , 0, 0, 0, 1, 161, -2,,0.123015 , 0, 0, 0, 1, 160, -6,,0.193961 , 0, 0, 0, 1, 141, -1,,0.363847 , 0, 0, 0, 1, 112, -4,,0.372881 , 0, 0, 0, 1, 85, -6,,0.463070 , 0, 0, 0, 1, 84, -7,,0.888523 , 0, 0, 0, 1, 84, -8,,1.191589 , 0, 0, 0, 1, 79, -7,,1.426515 , 0, 0, 0, 1, 79, -8,,1.495014 , 0, 0, 0, 1, 75, -7,,1.596827 , 0, 0, 0, 1, 73, -6,,1.671099 , 0, 0, 0, 1, 67, -7,,1.995334 , 0, 0, 0, 1, 62, -7,,3.884452 , 0, 0, 0, 1, 62, -8,,4.447767 , 0, 0, 0, 1, 57, -8,,
I5-V5-VI5-I5-III5-VI5-II5-I5-V5 , C Major , Left to right ,Value random,1,62.122910,,,169298,84350,46,217334954,492,42,0, 0, 0, 1, 57, -8,,,579178,289274,51,732397749,569,42,,,0.007993 , 1, 0, 1, 3, 162, -3,,0.012845 , 1, 0, 0, 1, 187, -3,,0.018069 , 0, 0, 1, 1, 153, -2,,0.038377 , 0, 0, 0, 2, 162, -4,,0.049940 , 0, 0, 0, 2, 161, -2,,0.063706 , 0, 0, 0, 1, 196, -4,,0.082186 , 0, 0, 0, 1, 194, -4,,0.095173 , 0, 0, 0, 1, 178, -1,,0.123937 , 0, 0, 0, 1, 110, -5,,0.155680 , 0, 0, 0, 1, 103, -6,,0.475276 , 0, 0, 0, 1, 98, -6,,0.519345 , 0, 0, 0, 1, 92, -5,,0.528424 , 0, 0, 0, 1, 88, -6,,0.544682 , 0, 0, 0, 1, 85, -6,,0.934500 , 0, 0, 0, 1, 84, -3,,1.501774 , 0, 0, 0, 1, 83, -2,,2.150287 , 0, 0, 0, 1, 82, -6,,2.320048 , 0, 0, 0, 1, 79, -8,,2.368149 , 0, 0, 0, 1, 75, -7,,2.408051 , 0, 0, 0, 1, 73, -6,,2.523878 , 0, 0, 0, 1, 68, -5,,2.703618 , 0, 0, 0, 1, 67, -6,,3.603005 , 0, 0, 0, 1, 65, -7,,5.804117 , 0, 0, 0, 1, 62, -7,,12.296647 , 0, 0, 0, 1, 62, -8,,17.910599 , 0, 0, 0, 1, 57, -8,,
I5-II6-IV5-V+6-I6-III5-VI5-V65/-I5-IV5-I64-V7+-I5 , C Major , Left to right ,Value random,1,9.043094,,,19167,9048,61,51873023,1024,55,3, 0, 0, 1, 70, -11,,,29110,14009,64,82445620,1072,62,,,0.049967 , 3, 0, 5, 2, 187, -3,,0.057446 , 3, 0, 5, 2, 174, -4,,0.064028 , 3, 0, 2, 3, 189, -5,,0.076818 , 3, 0, 1, 2, 217, -7,,0.209100 , 3, 0, 1, 2, 208, -3,,0.224109 , 3, 0, 1, 2, 201, -5,,0.402848 , 3, 0, 1, 2, 185, -6,,0.422102 , 3, 0, 1, 1, 190, -7,,0.437453 , 3, 0, 1, 1, 188, -6,,0.449421 , 3, 0, 0, 3, 208, -4,,0.769970 , 3, 0, 0, 2, 180, -8,,0.783675 , 3, 0, 0, 2, 173, -8,,0.792160 , 3, 0, 0, 1, 204, -9,,0.913999 , 3, 0, 0, 1, 201, -3,,0.927200 , 3, 0, 0, 1, 172, -5,,0.994209 , 3, 0, 0, 1, 171, -8,,1.027913 , 3, 0, 0, 1, 166, -7,,1.154524 , 3, 0, 0, 1, 163, -6,,1.176629 , 3, 0, 0, 1, 160, -9,,1.190985 , 3, 0, 0, 1, 152, -9,,1.399614 , 3, 0, 0, 1, 151, -7,,1.466860 , 3, 0, 0, 1, 149, -6,,1.484337 , 3, 0, 0, 1, 142, -8,,1.668094 , 3, 0, 0, 1, 141, -7,,1.730370 , 3, 0, 0, 1, 139, -7,,1.780939 , 3, 0, 0, 1, 138, -7,,2.070146 , 3, 0, 0, 1, 136, -7,,2.114544 , 3, 0, 0, 1, 134, -8,,2.158897 , 3, 0, 0, 1, 131, -10,,2.294647 , 3, 0, 0, 1, 129, -8,,2.396486 , 3, 0, 0, 1, 128, -8,,2.444680 , 3, 0, 0, 1, 128, -9,,2.574855 , 3, 0, 0, 1, 126, -5,,2.609538 , 3, 0, 0, 1, 123, -10,,2.630994 , 3, 0, 0, 1, 120, -7,,2.720170 , 3, 0, 0, 1, 118, -10,,2.731606 , 3, 0, 0, 1, 110, -10,,2.954721 , 3, 0, 0, 1, 109, -10,,3.234296 , 3, 0, 0, 1, 102, -9,,3.265345 , 3, 0, 0, 1, 100, -11,,3.312573 , 3, 0, 0, 1, 99, -9,,3.561655 , 3, 0, 0, 1, 95, -10,,3.714236 , 3, 0, 0, 1, 92, -10,,3.933876 , 3, 0, 0, 1, 89, -10,,4.568711 , 3, 0, 0, 1, 86, -10,,4.813422 , 3, 0, 0, 1, 83, -10,,5.059887 , 3, 0, 0, 1, 78, -10,,5.139797 , 3, 0, 0, 1, 78, -11,,5.642964 , 3, 0, 0, 1, 75, -11,,5.839171 , 3, 0, 0, 1, 74, -11,,5.906135 , 3, 0, 0, 1, 70, -11,,
I5-II6-IV5-V+6-I6-III5-VI5-V65/-I5-IV5-I64-V7+-I5 , C Minor , Left to right ,Value random,1,7.300876,,,15494,7245,55,39180053,882,58,3, 0, 0, 1, 72, -11,,,24795,11886,58,64933885,940,58,,,0.086337 , 3, 0, 5, 4, 203, -4,,0.102671 , 3, 0, 3, 3, 185, -6,,0.117133 , 3, 0, 3, 2, 191, -9,,0.131703 , 3, 0, 2, 3, 230, -3,,0.141867 , 3, 0, 2, 3, 174, -6,,0.170334 , 3, 0, 1, 3, 188, -6,,0.187148 , 3, 0, 1, 1, 233, -6,,0.242315 , 3, 0, 1, 1, 223, -3,,0.306135 , 3, 0, 1, 1, 200, -4,,0.338315 , 3, 0, 0, 4, 184, -5,,0.356595 , 3, 0, 0, 3, 183, -6,,0.419344 , 3, 0, 0, 3, 151, -8,,0.426718 , 3, 0, 0, 2, 180, -7,,0.480121 , 3, 0, 0, 2, 176, -5,,0.496131 , 3, 0, 0, 1, 235, -4,,0.588963 , 3, 0, 0, 1, 198, -6,,0.696850 , 3, 0, 0, 1, 176, -8,,0.750077 , 3, 0, 0, 1, 173, -7,,0.772811 , 3, 0, 0, 1, 173, -9,,0.795376 , 3, 0, 0, 1, 161, -2,,0.986929 , 3, 0, 0, 1, 160, -8,,1.072563 , 3, 0, 0, 1, 158, -8,,1.129358 , 3, 0, 0, 1, 156, -6,,1.162231 , 3, 0, 0, 1, 152, -8,,1.183774 , 3, 0, 0, 1, 139, -6,,1.556636 , 3, 0, 0, 1, 123, -8,,1.655519 , 3, 0, 0, 1, 121, -9,,1.715103 , 3, 0, 0, 1, 115, -10,,1.956041 , 3, 0, 0, 1, 115, -11,,2.023873 , 3, 0, 0, 1, 109, -8,,2.079774 , 3, 0, 0, 1, 109, -11,,2.098863 , 3, 0, 0, 1, 108, -8,,2.297656 , 3, 0, 0, 1, 108, -10,,2.338116 , 3, 0, 0, 1, 100, -7,,2.396708 , 3, 0, 0, 1, 96, -11,,2.671891 , 3, 0, 0, 1, 95, -10,,2.792722 , 3, 0, 0, 1, 94, -10,,2.888769 , 3, 0, 0, 1, 92, -7,,2.954878 , 3, 0, 0, 1, 89, -10,,3.016945 , 3, 0, 0, 1, 87, -11,,3.142417 , 3, 0, 0, 1, 85, -10,,3.953350 , 3, 0, 0, 1, 80, -10,,4.067593 , 3, 0, 0, 1, 78, -10,,4.163013 , 3, 0, 0, 1, 77, -11,,4.370831 , 3, 0, 0, 1, 72, -11,,
I5-II6-IV5-V+6-I6-III5-VI5-V65/-I5-IV5-I64-V7+-I5 , Ab Major , Left to right ,Value random,1,7.655785,,,19126,8961,65,47093580,1056,54,3, 0, 0, 1, 70, -11,,,25640,12213,68,65420519,1097,54,,,0.111525 , 3, 0, 4, 3, 259, -4,,0.164371 , 3, 0, 4, 3, 203, -8,,0.237424 , 3, 0, 4, 3, 167, -7,,0.270515 , 3, 0, 2, 2, 154, -6,,0.319533 , 3, 0, 2, 1, 318, -5,,0.383159 , 3, 0, 1, 3, 172, -5,,0.450185 , 3, 0, 1, 2, 164, -4,,0.490538 , 3, 0, 1, 1, 213, -5,,0.530338 , 3, 0, 0, 2, 221, -6,,0.776279 , 3, 0, 0, 2, 184, -4,,1.148542 , 3, 0, 0, 2, 174, -5,,1.266704 , 3, 0, 0, 2, 169, -4,,1.278952 , 3, 0, 0, 1, 186, -5,,1.667759 , 3, 0, 0, 1, 182, -6,,1.721539 , 3, 0, 0, 1, 176, -4,,1.759439 , 3, 0, 0, 1, 174, -7,,1.784614 , 3, 0, 0, 1, 174, -8,,1.807319 , 3, 0, 0, 1, 169, -6,,1.820813 , 3, 0, 0, 1, 166, -5,,1.856487 , 3, 0, 0, 1, 165, -8,,2.147532 , 3, 0, 0, 1, 164, -9,,2.154100 , 3, 0, 0, 1, 161, -5,,2.176568 , 3, 0, 0, 1, 159, -6,,2.195086 , 3, 0, 0, 1, 159, -7,,2.216717 , 3, 0, 0, 1, 154, -8,,2.234313 , 3, 0, 0, 1, 153, -8,,2.320334 , 3, 0, 0, 1, 152, -8,,2.330353 , 3, 0, 0, 1, 151, -7,,2.351587 , 3, 0, 0, 1, 148, -8,,2.366783 , 3, 0, 0, 1, 145, -7,,2.390075 , 3, 0, 0, 1, 143, -8,,2.408654 , 3, 0, 0, 1, 136, -5,,2.418755 , 3, 0, 0, 1, 120, -4,,2.476231 , 3, 0, 0, 1, 117, -8,,2.548685 , 3, 0, 0, 1, 117, -10,,2.637195 , 3, 0, 0, 1, 116, -9,,2.665590 , 3, 0, 0, 1, 111, -9,,2.791852 , 3, 0, 0, 1, 106, -10,,2.859678 , 3, 0, 0, 1, 105, -9,,3.081749 , 3, 0, 0, 1, 104, -9,,3.094057 , 3, 0, 0, 1, 102, -7,,3.207775 , 3, 0, 0, 1, 98, -10,,3.241981 , 3, 0, 0, 1, 97, -11,,3.258280 , 3, 0, 0, 1, 96, -10,,3.286349 , 3, 0, 0, 1, 93, -9,,3.317772 , 3, 0, 0, 1, 92, -11,,3.345742 , 3, 0, 0, 1, 87, -10,,3.931639 , 3, 0, 0, 1, 85, -11,,4.024406 , 3, 0, 0, 1, 84, -10,,4.149499 , 3, 0, 0, 1, 84, -11,,4.251209 , 3, 0, 0, 1, 83, -10,,4.842243 , 3, 0, 0, 1, 83, -11,,4.945399 , 3, 0, 0, 1, 78, -10,,5.020097 , 3, 0, 0, 1, 75, -11,,5.598000 , 3, 0, 0, 1, 70, -11,,
I5-II6-IV5-V+6-I6-III5-VI5-V65/-I5-IV5-I64-V7+-I5 , Bb Minor , Left to right ,Value random,1,7.419865,,,21345,10107,62,51496211,1102,52,3, 0, 0, 1, 72, -11,,,24352,11611,63,59327028,1121,52,,,0.326831 , 3, 0, 1, 3, 141, -7,,0.525542 , 3, 0, 1, 3, 141, -9,,0.613432 , 3, 0, 1, 2, 188, -6,,0.693947 , 3, 0, 1, 2, 162, -8,,0.766356 , 3, 0, 1, 2, 157, -7,,0.828033 , 3, 0, 1, 2, 155, -8,,0.886299 , 3, 0, 1, 2, 145, -9,,0.900117 , 3, 0, 1, 2, 143, -7,,0.978511 , 3, 0, 0, 4, 202, -5,,1.136495 , 3, 0, 0, 2, 209, -3,,1.145029 , 3, 0, 0, 2, 183, -5,,1.240747 , 3, 0, 0, 2, 181, -6,,1.457286 , 3, 0, 0, 2, 173, -8,,1.464836 , 3, 0, 0, 2, 170, -7,,1.543602 , 3, 0, 0, 2, 168, -9,,1.985396 , 3, 0, 0, 1, 156, -6,,2.043318 , 3, 0, 0, 1, 150, -7,,2.249587 , 3, 0, 0, 1, 150, -8,,2.321349 , 3, 0, 0, 1, 145, -8,,2.345869 , 3, 0, 0, 1, 144, -7,,2.381113 , 3, 0, 0, 1, 143, -10,,2.420108 , 3, 0, 0, 1, 135, -10,,2.517099 , 3, 0, 0, 1, 133, -10,,2.569466 , 3, 0, 0, 1, 128, -6,,2.752451 , 3, 0, 0, 1, 125, -9,,2.819295 , 3, 0, 0, 1, 124, -7,,2.842043 , 3, 0, 0, 1, 124, -9,,2.861268 , 3, 0, 0, 1, 123, -10,,2.905135 , 3, 0, 0, 1, 122, -9,,2.931577 , 3, 0, 0, 1, 121, -9,,2.998464 , 3, 0, 0, 1, 118, -9,,3.065692 , 3, 0, 0, 1, 116, -7,,3.081022 , 3, 0, 0, 1, 113, -8,,3.095518 , 3, 0, 0, 1, 111, -9,,3.107554 , 3, 0, 0, 1, 110, -8,,3.135403 , 3, 0, 0, 1, 105, -10,,3.163012 , 3, 0, 0, 1, 103, -9,,3.324910 , 3, 0, 0, 1, 100, -10,,3.506944 , 3, 0, 0, 1, 99, -9,,3.607224 , 3, 0, 0, 1, 95, -11,,4.134256 , 3, 0, 0, 1, 94, -11,,4.170641 , 3, 0, 0, 1, 93, -10,,4.232654 , 3, 0, 0, 1, 89, -11,,4.438175 , 3, 0, 0, 1, 88, -9,,4.609992 , 3, 0, 0, 1, 86, -10,,4.687166 , 3, 0, 0, 1, 82, -10,,4.760613 , 3, 0, 0, 1, 81, -9,,4.862713 , 3, 0, 0, 1, 78, -10,,5.101861 , 3, 0, 0, 1, 75, -10,,6.465292 , 3, 0, 0, 1, 72, -11,,
I5-II6-IV5-V+6-I6-III5-VI5-V65/-I5-IV5-I64-V7+-I5 , E Major , Left to right ,Value random,1,10.910666,,,34186,16454,61,94349380,1180,64,3, 0, 0, 1, 70, -11,,,46330,22514,66,129944852,1228,64,,,0.067700 , 3, 0, 4, 1, 209, -4,,0.113365 , 3, 0, 3, 4, 214, -6,,0.196957 , 3, 0, 3, 2, 174, -3,,0.253867 , 3, 0, 2, 3, 141, -5,,0.290845 , 3, 0, 2, 2, 200, -6,,0.312344 , 3, 0, 2, 2, 186, -6,,0.327864 , 3, 0, 2, 2, 182, -4,,0.355380 , 3, 0, 2, 2, 180, -6,,0.361159 , 3, 0, 1, 3, 181, -6,,0.386594 , 3, 0, 1, 3, 134, -7,,0.403474 , 3, 0, 1, 2, 189, -6,,0.462388 , 3, 0, 1, 2, 172, -5,,0.497248 , 3, 0, 1, 2, 163, -8,,0.519808 , 3, 0, 1, 2, 158, -6,,0.530492 , 3, 0, 1, 2, 158, -7,,0.543599 , 3, 0, 1, 1, 195, -4,,0.567355 , 3, 0, 1, 1, 137, -6,,0.623594 , 3, 0, 0, 2, 210, -3,,0.645609 , 3, 0, 0, 2, 160, -5,,0.667111 , 3, 0, 0, 2, 160, -8,,0.822634 , 3, 0, 0, 1, 201, -4,,0.914470 , 3, 0, 0, 1, 187, -7,,1.064851 , 3, 0, 0, 1, 186, -4,,1.089465 , 3, 0, 0, 1, 164, -5,,1.115343 , 3, 0, 0, 1, 130, -6,,1.198177 , 3, 0, 0, 1, 130, -10,,1.252467 , 3, 0, 0, 1, 125, -10,,1.394252 , 3, 0, 0, 1, 119, -8,,1.575629 , 3, 0, 0, 1, 118, -10,,1.892584 , 3, 0, 0, 1, 115, -10,,2.140041 , 3, 0, 0, 1, 108, -9,,2.249133 , 3, 0, 0, 1, 106, -10,,2.456985 , 3, 0, 0, 1, 105, -9,,2.635835 , 3, 0, 0, 1, 104, -10,,3.118768 , 3, 0, 0, 1, 102, -7,,3.396879 , 3, 0, 0, 1, 100, -9,,3.559738 , 3, 0, 0, 1, 99, -8,,3.617515 , 3, 0, 0, 1, 96, -10,,3.708299 , 3, 0, 0, 1, 94, -9,,3.890239 , 3, 0, 0, 1, 94, -10,,4.092779 , 3, 0, 0, 1, 93, -9,,4.757218 , 3, 0, 0, 1, 90, -9,,5.110375 , 3, 0, 0, 1, 89, -8,,5.204167 , 3, 0, 0, 1, 87, -11,,5.677949 , 3, 0, 0, 1, 83, -9,,6.194299 , 3, 0, 0, 1, 82, -11,,6.730939 , 3, 0, 0, 1, 78, -10,,7.080463 , 3, 0, 0, 1, 77, -11,,7.421080 , 3, 0, 0, 1, 75, -11,,7.519672 , 3, 0, 0, 1, 74, -11,,7.816539 , 3, 0, 0, 1, 70, -11,,
I5-II6-IV5-V+6-I6-III5-VI5-V65/-I5-IV5-I64-V7+-I5 , Csharp Minor , Left to right ,Value random,1,8.442012,,,24719,11903,46,65630521,843,54,3, 0, 0, 1, 72, -11,,,30915,14992,49,83929105,905,54,,,0.208160 , 3, 0, 3, 3, 220, -6,,0.271329 , 3, 0, 2, 4, 193, -7,,0.311437 , 3, 0, 2, 3, 179, -7,,0.328379 , 3, 0, 2, 2, 235, -2,,0.358979 , 3, 0, 2, 2, 193, -4,,0.375256 , 3, 0, 2, 2, 186, -4,,0.434936 , 3, 0, 1, 1, 205, -8,,0.496848 , 3, 0, 1, 1, 172, -4,,0.510554 , 3, 0, 0, 3, 107, -9,,0.601095 , 3, 0, 0, 2, 178, -6,,0.909700 , 3, 0, 0, 2, 175, -9,,1.152478 , 3, 0, 0, 2, 165, -5,,1.183482 , 3, 0, 0, 1, 198, -4,,1.201149 , 3, 0, 0, 1, 187, -5,,1.237870 , 3, 0, 0, 1, 183, -4,,1.263337 , 3, 0, 0, 1, 113, -9,,1.527740 , 3, 0, 0, 1, 112, -10,,1.690467 , 3, 0, 0, 1, 110, -10,,1.709120 , 3, 0, 0, 1, 108, -11,,2.442616 , 3, 0, 0, 1, 106, -10,,2.515228 , 3, 0, 0, 1, 103, -7,,2.646709 , 3, 0, 0, 1, 103, -9,,2.928837 , 3, 0, 0, 1, 103, -10,,3.025988 , 3, 0, 0, 1, 100, -9,,3.080553 , 3, 0, 0, 1, 98, -11,,3.216986 , 3, 0, 0, 1, 92, -10,,3.857235 , 3, 0, 0, 1, 91, -8,,3.993173 , 3, 0, 0, 1, 91, -10,,4.171867 , 3, 0, 0, 1, 86, -9,,4.264088 , 3, 0, 0, 1, 86, -11,,4.297902 , 3, 0, 0, 1, 85, -10,,4.721318 , 3, 0, 0, 1, 84, -11,,4.777620 , 3, 0, 0, 1, 80, -10,,4.813242 , 3, 0, 0, 1, 78, -10,,5.675010 , 3, 0, 0, 1, 77, -11,,6.420883 , 3, 0, 0, 1, 72, -11,,
I5-V6-VI5-V5-IV5-I6-II5-V5-I5-V6-VI5-V5-IV5-V7+-I5 , Csharp Minor , Left to right ,Value random,1,149.293248,,,341259,170093,62,870057000,805,62,1, 0, 1, 0, 137, -5,,,394146,196537,63,1006607539,820,62,,,0.028591 , 5, 0, 5, 2, 291, -1,,0.053438 , 5, 0, 5, 1, 341, -1,,0.082957 , 4, 1, 4, 1, 299, -1,,0.102331 , 3, 1, 6, 2, 237, -1,,0.123254 , 3, 1, 3, 0, 292, -1,,0.139341 , 3, 1, 2, 1, 291, -1,,0.165211 , 2, 1, 2, 3, 265, -3,,0.190426 , 1, 1, 3, 2, 235, -3,,0.215501 , 1, 0, 4, 0, 262, -2,,0.263543 , 1, 0, 3, 3, 260, -3,,0.279269 , 1, 0, 3, 3, 245, -2,,0.309338 , 1, 0, 3, 1, 302, -4,,0.341217 , 1, 0, 2, 4, 310, -5,,0.359823 , 1, 0, 2, 2, 298, -2,,0.401900 , 1, 0, 2, 1, 272, -3,,0.441518 , 1, 0, 1, 1, 285, -3,,0.522811 , 1, 0, 1, 1, 258, -3,,0.569345 , 1, 0, 1, 1, 256, -3,,0.860878 , 1, 0, 1, 0, 243, -4,,0.966642 , 1, 0, 1, 0, 230, -3,,4.562366 , 1, 0, 1, 0, 211, -3,,5.040829 , 1, 0, 1, 0, 210, -4,,8.821658 , 1, 0, 1, 0, 209, -4,,21.202152 , 1, 0, 1, 0, 203, -4,,22.573368 , 1, 0, 1, 0, 197, -4,,25.675295 , 1, 0, 1, 0, 195, -4,,26.648717 , 1, 0, 1, 0, 191, -4,,27.083933 , 1, 0, 1, 0, 187, -4,,27.291189 , 1, 0, 1, 0, 186, -4,,33.292444 , 1, 0, 1, 0, 182, -4,,38.558580 , 1, 0, 1, 0, 176, -5,,38.983300 , 1, 0, 1, 0, 173, -4,,39.040524 , 1, 0, 1, 0, 167, -4,,39.133004 , 1, 0, 1, 0, 166, -4,,44.204650 , 1, 0, 1, 0, 160, -5,,44.678741 , 1, 0, 1, 0, 158, -4,,47.466182 , 1, 0, 1, 0, 156, -5,,54.546776 , 1, 0, 1, 0, 152, -5,,62.133695 , 1, 0, 1, 0, 149, -4,,100.245936 , 1, 0, 1, 0, 147, -5,,104.694068 , 1, 0, 1, 0, 145, -5,,121.941778 , 1, 0, 1, 0, 144, -5,,129.671878 , 1, 0, 1, 0, 138, -5,,131.900107 , 1, 0, 1, 0, 137, -5,,
I5-V6-VI5-V5-IV5-I6-II5-V5-I5-V6-VI5-V5-IV5-V7+-I5 , C Minor , Left to right ,Value random,1,189.710995,,,409146,203907,71,1055428680,988,60,1, 0, 1, 0, 137, -5,,,524306,261478,74,1367334797,1022,60,,,0.010563 , 2, 1, 2, 4, 287, -3,,0.045135 , 2, 1, 2, 1, 251, -3,,0.091143 , 2, 0, 7, 4, 268, -3,,0.112675 , 2, 0, 3, 1, 207, -3,,0.162585 , 2, 0, 2, 3, 304, -4,,0.204237 , 2, 0, 2, 2, 271, -3,,0.374067 , 1, 0, 6, 2, 260, -2,,0.402615 , 1, 0, 4, 2, 268, -3,,0.427332 , 1, 0, 4, 2, 260, -3,,0.496193 , 1, 0, 4, 1, 283, -4,,0.533962 , 1, 0, 3, 3, 235, -2,,0.558321 , 1, 0, 3, 1, 209, -3,,0.626036 , 1, 0, 2, 3, 197, -3,,0.649463 , 1, 0, 2, 1, 238, -4,,0.657892 , 1, 0, 2, 1, 187, -3,,0.965453 , 1, 0, 2, 1, 178, -4,,1.035700 , 1, 0, 2, 0, 291, -3,,1.319393 , 1, 0, 1, 2, 215, -5,,1.353141 , 1, 0, 1, 1, 274, -2,,1.967422 , 1, 0, 1, 1, 271, -3,,2.801809 , 1, 0, 1, 1, 268, -3,,8.243435 , 1, 0, 1, 1, 264, -4,,15.309167 , 1, 0, 1, 1, 262, -3,,15.330030 , 1, 0, 1, 1, 241, -3,,15.352478 , 1, 0, 1, 1, 237, -3,,15.451469 , 1, 0, 1, 1, 229, -4,,15.492980 , 1, 0, 1, 0, 320, -2,,16.508702 , 1, 0, 1, 0, 245, -4,,18.740886 , 1, 0, 1, 0, 226, -3,,47.272945 , 1, 0, 1, 0, 225, -4,,54.502201 , 1, 0, 1, 0, 217, -5,,61.805613 , 1, 0, 1, 0, 214, -5,,62.147098 , 1, 0, 1, 0, 212, -4,,71.751030 , 1, 0, 1, 0, 205, -4,,82.741079 , 1, 0, 1, 0, 197, -4,,84.376065 , 1, 0, 1, 0, 197, -5,,93.302848 , 1, 0, 1, 0, 194, -4,,93.366139 , 1, 0, 1, 0, 192, -5,,94.044847 , 1, 0, 1, 0, 188, -5,,99.239327 , 1, 0, 1, 0, 187, -5,,101.621761 , 1, 0, 1, 0, 184, -4,,101.820559 , 1, 0, 1, 0, 181, -5,,103.203924 , 1, 0, 1, 0, 180, -5,,111.093152 , 1, 0, 1, 0, 177, -4,,117.135704 , 1, 0, 1, 0, 169, -5,,124.223677 , 1, 0, 1, 0, 167, -5,,127.595216 , 1, 0, 1, 0, 163, -5,,139.011027 , 1, 0, 1, 0, 157, -4,,139.142116 , 1, 0, 1, 0, 152, -5,,143.926630 , 1, 0, 1, 0, 146, -5,,144.710075 , 1, 0, 1, 0, 145, -5,,153.214231 , 1, 0, 1, 0, 144, -4,,155.756235 , 1, 0, 1, 0, 137, -5,,
I5-V6-VI5-V5-IV5-I6-II5-V5-I5-V6-VI5-V5-IV5-V7+-I5 , Bb Minor , Left to right ,Value random,1,211.003152,,,519383,258875,81,1311089256,1578,64,1, 0, 1, 0, 138, -5,,,619991,309173,84,1568793888,1625,64,,,0.016120 , 4, 0, 3, 3, 283, -1,,0.092428 , 3, 1, 4, 3, 228, -3,,0.132577 , 3, 1, 4, 3, 219, -4,,0.289583 , 3, 0, 4, 2, 325, -3,,0.333833 , 2, 1, 4, 2, 228, -2,,0.349411 , 2, 0, 6, 4, 264, -2,,0.499455 , 2, 0, 3, 2, 313, -4,,0.527628 , 2, 0, 3, 1, 383, -2,,0.544063 , 2, 0, 2, 3, 304, -3,,0.570087 , 1, 1, 3, 0, 257, -4,,0.590868 , 1, 1, 2, 3, 235, -4,,0.612149 , 1, 0, 6, 4, 268, -4,,0.629391 , 1, 0, 3, 3, 254, -2,,0.878534 , 1, 0, 1, 1, 243, -4,,1.082536 , 1, 0, 1, 1, 236, -3,,2.506827 , 1, 0, 1, 1, 233, -2,,3.042314 , 1, 0, 1, 1, 228, -4,,4.797038 , 1, 0, 1, 1, 224, -4,,4.863552 , 1, 0, 1, 1, 221, -3,,8.274781 , 1, 0, 1, 1, 219, -4,,11.607759 , 1, 0, 1, 1, 215, -3,,17.847748 , 1, 0, 1, 1, 214, -4,,18.753206 , 1, 0, 1, 1, 212, -4,,19.976084 , 1, 0, 1, 1, 208, -5,,20.046226 , 1, 0, 1, 1, 207, -4,,21.022400 , 1, 0, 1, 1, 201, -4,,21.856337 , 1, 0, 1, 1, 192, -4,,32.471145 , 1, 0, 1, 1, 183, -4,,35.974728 , 1, 0, 1, 1, 174, -4,,36.393582 , 1, 0, 1, 0, 300, -3,,41.335949 , 1, 0, 1, 0, 250, -3,,44.978412 , 1, 0, 1, 0, 244, -3,,45.019544 , 1, 0, 1, 0, 240, -3,,52.121693 , 1, 0, 1, 0, 239, -4,,52.588690 , 1, 0, 1, 0, 236, -4,,59.352125 , 1, 0, 1, 0, 234, -4,,61.328449 , 1, 0, 1, 0, 230, -3,,63.786395 , 1, 0, 1, 0, 229, -3,,74.618373 , 1, 0, 1, 0, 223, -4,,75.235904 , 1, 0, 1, 0, 222, -4,,85.069320 , 1, 0, 1, 0, 217, -4,,93.207197 , 1, 0, 1, 0, 214, -4,,93.302007 , 1, 0, 1, 0, 211, -4,,93.418053 , 1, 0, 1, 0, 208, -3,,93.962442 , 1, 0, 1, 0, 201, -4,,104.921239 , 1, 0, 1, 0, 197, -4,,105.025816 , 1, 0, 1, 0, 195, -4,,111.408272 , 1, 0, 1, 0, 191, -5,,113.308023 , 1, 0, 1, 0, 189, -4,,113.378084 , 1, 0, 1, 0, 188, -4,,113.841499 , 1, 0, 1, 0, 185, -4,,114.122669 , 1, 0, 1, 0, 184, -4,,114.314580 , 1, 0, 1, 0, 180, -4,,115.100033 , 1, 0, 1, 0, 171, -4,,118.725105 , 1, 0, 1, 0, 171, -5,,118.948895 , 1, 0, 1, 0, 169, -4,,131.461575 , 1, 0, 1, 0, 167, -5,,145.407143 , 1, 0, 1, 0, 158, -4,,163.766782 , 1, 0, 1, 0, 154, -5,,167.748775 , 1, 0, 1, 0, 151, -4,,171.377693 , 1, 0, 1, 0, 148, -4,,171.508910 , 1, 0, 1, 0, 142, -4,,183.363706 , 1, 0, 1, 0, 138, -5,,
I5-V5-VI5-I5-VI5-VII6-III5-VI5-II6-V7+-I5 , Csharp Minor , Left to right ,Value random,1,321.798520,,,1954560,976883,56,2852871103,700,43,1, 0, 0, 1, 79, -8,,,3340247,1669717,59,4865137793,743,46,,,0.017413 , 1, 0, 1, 3, 147, -4,,0.068206 , 1, 0, 1, 1, 247, -3,,0.364926 , 1, 0, 0, 3, 250, -2,,0.370119 , 1, 0, 0, 1, 171, -2,,0.376818 , 1, 0, 0, 1, 165, -4,,0.487827 , 1, 0, 0, 1, 161, -6,,0.625015 , 1, 0, 0, 1, 154, -5,,0.630750 , 1, 0, 0, 1, 140, -5,,1.407490 , 1, 0, 0, 1, 138, -4,,1.455895 , 1, 0, 0, 1, 136, -6,,2.322067 , 1, 0, 0, 1, 135, -6,,2.949016 , 1, 0, 0, 1, 131, -5,,4.651166 , 1, 0, 0, 1, 130, -4,,4.769795 , 1, 0, 0, 1, 124, -6,,6.763480 , 1, 0, 0, 1, 123, -7,,8.691973 , 1, 0, 0, 1, 121, -7,,8.721703 , 1, 0, 0, 1, 112, -5,,13.588154 , 1, 0, 0, 1, 112, -6,,13.639462 , 1, 0, 0, 1, 110, -4,,13.653022 , 1, 0, 0, 1, 108, -7,,15.580765 , 1, 0, 0, 1, 105, -7,,16.637453 , 1, 0, 0, 1, 104, -7,,23.771261 , 1, 0, 0, 1, 95, -6,,29.739728 , 1, 0, 0, 1, 91, -7,,31.679398 , 1, 0, 0, 1, 90, -7,,77.560356 , 1, 0, 0, 1, 88, -7,,117.627144 , 1, 0, 0, 1, 84, -7,,139.596546 , 1, 0, 0, 1, 84, -8,,156.444960 , 1, 0, 0, 1, 82, -7,,201.797635 , 1, 0, 0, 1, 79, -8,,
